{"cameraMode":{"drawMode":0,"name":"Shaded","section":"Shading Mode"},"sceneLighting":true,"audioPlay":false,"sceneViewState":{"m_AlwaysRefresh":false,"showFog":true,"showSkybox":true,"showFlares":true,"showImageEffects":true,"showParticleSystems":true,"showVisualEffectGraphs":true,"m_FxEnabled":true},"in2DMode":false,"pivot":{"x":0.012387923896312714,"y":0.24223795533180238,"z":0.9015664458274841},"rotation":{"x":0.0008967583999037743,"y":0.982965350151062,"z":-0.1840651035308838,"w":0.0054947854951024059},"size":5.109240531921387,"orthographic":false}